{
  "id": "https://advancedrestclient.com/schemas/har/cookie.json",
  "title": "Detailed info about a cookie",
  "description": "This object contains detailed info about a cookie.",
  "type": "object",
  "required": [
    "name",
    "value"
  ],
  "properties": {
    "name": {
      "type": "string",
      "description": "The name of the cookie."
    },
    "value": {
      "type": "string",
      "description": "The cookie value."
    },
    "path": {
      "type": "string",
      "description": "The path pertaining to the cookie."
    },
    "domain": {
      "type": "string",
      "description": "The host of the cookie."
    },
    "expires": {
      "type": ["string", "null"],
      "format": "date-time",
      "description": "Cookie expiration time. (ISO 8601 - YYYY-MM-DDThh:mm:ss.sTZD, e.g. 2009-07-24T19:20:30.123+02:00)."
    },
    "httpOnly": {
      "type": "boolean",
      "description": "Set to true if the cookie is HTTP only, false otherwise."
    },
    "secure": {
      "type": "boolean",
      "description": "True if the cookie was transmitted over ssl, false otherwise."
    },
    "comment": {
      "type": "string",
      "description": "A comment provided by the user or the application."
    }
  }
}
