{
  "id": "https://advancedrestclient.com/schemas/har/page.json",
  "title": "Exported page",
  "type": "object",
  "optional": true,
  "description": "Pages are optional. It represents exported page.",
  "required": [
    "startedDateTime",
    "id",
    "title",
    "pageTimings"
  ],
  "properties": {
    "startedDateTime": {
      "type": "string",
      "format": "date-time",
      "pattern": "^(\\d{4})(-)?(\\d\\d)(-)?(\\d\\d)(T)?(\\d\\d)(:)?(\\d\\d)(:)?(\\d\\d)(\\.\\d+)?(Z|([+-])(\\d\\d)(:)?(\\d\\d))",
      "description": "Date and time stamp for the beginning of the page load (ISO 8601 - YYYY-MM-DDThh:mm:ss.sTZD, e.g. 2009-07-24T19:20:30.45+01:00)"
    },
    "id": {
      "type": "string",
      "unique": true,
      "description": "Unique identifier of a page within the <log>. Entries use it to refer the parent page."
    },
    "title": {
      "type": "string",
      "description": "Page title."
    },
    "pageTimings": {
      "$ref": "#pageTimings",
      "description": "Detailed timing info about page load."
    },
    "comment": {
      "type": "string",
      "description": "A comment provided by the user or the application."
    }
  }
}
