{
  "id": "https://advancedrestclient.com/schemas/har/request.json",
  "title": "Detailed info about the request",
  "type": "object",
  "required": [
    "method",
    "url",
    "httpVersion",
    "cookies",
    "headers",
    "queryString",
    "headersSize",
    "bodySize"
  ],
  "description": "This object contains detailed info about performed request.",
  "properties": {
    "method": {
      "type": "string",
      "description": "Request method (GET, POST, ...)."
    },
    "url": {
      "type": "string",
      "format": "uri",
      "description": "Absolute URL of the request (fragments are not included)."
    },
    "httpVersion": {
      "type": "string",
      "description": "Request HTTP Version."
    },
    "cookies": {
      "type": "array",
      "items": {
        "$ref": "#cookie"
      },
      "description": "List of cookie objects."
    },
    "headers": {
      "type": "array",
      "items": {
        "$ref": "#record"
      },
      "description": "List of header objects."
    },
    "queryString": {
      "type": "array",
      "items": {
        "$ref": "#record"
      },
      "description": "List of query parameter objects."
    },
    "postData": {
      "$ref": "#postData",
      "description": "Posted data info."
    },
    "headersSize": {
      "type": "integer",
      "description": "Total number of bytes from the start of the HTTP request message until (and including) the double CRLF before the body. Set to -1 if the info is not available."
    },
    "bodySize": {
      "type": "integer",
      "description": "Size of the request body (POST data payload) in bytes. Set to -1 if the info is not available."
    },
    "comment": {
      "type": "string",
      "description": "A comment provided by the user or the application."
    }
  }
}
