<?xml version="1.0" encoding="ISO-8859-1"?>
<!-- Edited by XMLSpy� --><breakfast_menu ver="1"><version value="1"/><ver value="1"></ver><food orser="0" menu="1"><name>Belgian Waffles</name><price accepted="true">$5.95</price><description><![CDATA[two of our famous Belgian Waffles with plenty of real
			maple syrup <a href="http://www.google.com">google</a>
			asdf asdf 			
			asd fasdf]]></description><!-- test me  --><calories><!-- test me  -->650</calories><!-- test me  --></food><!-- test me  --><food><!-- test me  --><name><!-- test me  -->Strawberry Belgian Waffles
		</name><price>$7.95</price><description>light Belgian waffles covered with strawberries and
			whipped cream</description><calories>900</calories></food><!-- test me  -->
	<food><name>Berry-Berry Belgian Waffles</name><price>$8.95</price><!-- test me  --><description>light Belgian waffles covered with an assortment of fresh
			berries and whipped cream</description><calories>900</calories></food><food>
		<name>French Toast</name><price>$4.50</price><description>thick slices made from our homemade sourdough bread</description><calories>600</calories></food><food><name>Homestyle Breakfast</name><price>$6.95</price><description>two eggs, bacon or sausage, toast, and our ever-popular
			hash browns</description><calories>950</calories></food></breakfast_menu>