{"count":3,"pages":1,"data":[{"Article":{"id":"28","name":"Jak przygotowywa\u0107 do spo\u017cycia warzywa i owoce?","body":"Warzywa i owoce to produkty, kt&oacute;re mo\u017cemy spo\u017cywa\u0107 w dwojaki spos&oacute;b &ndash; surowe lub ugotowane. Procesowi gotowania cz\u0119\u015bciej poddawane s\u0105 warzywa ni\u017c owoce. Niekt&oacute;re warzywa np. marchewka czy przetwory z pomidor&oacute;w zyskuj\u0105 na dost\u0119pno\u015bci niekt&oacute;rych sk\u0142adnik&oacute;w po ugotowaniu. Na przyk\u0142ad likopen &ndash; barwnik wyst\u0119puj\u0105cy w pomidorach, nadaj\u0105cy im czerwon\u0105 barw\u0119 &ndash; s\u0105 lepiej przyswajalne przez organizm po ugotowaniu warzyw. Dzi\u0119ki temu w zupie pomidorowej jest ponad dwa razy wi\u0119cej likopenu ni\u017c w surowym pomidorze.\r\nNajcz\u0119\u015bciej spo\u017cywamy warzywa i owoce wiosn\u0105 i latem, gdy kr&oacute;luj\u0105 na bazarowych straganach. Jednak\u017ce i zim\u0105 nie powinni\u015bmy rezygnowa\u0107 z &bdquo;zastrzyku&rdquo; cennych sk\u0142adnik&oacute;w &ndash; mro\u017cone warzywa i owoce maj\u0105 istotn\u0105 warto\u015b\u0107 od\u017cywcz\u0105. Pami\u0119tajmy jednak, by nie rozmra\u017ca\u0107 ich przed gotowaniem, ale zamro\u017cone wrzuca\u0107 bezpo\u015brednio do wrz\u0105tku. Zupy jarzynowe tak\u017ce dostarcz\u0105 organizmowi wielu cennych sk\u0142adnik&oacute;w od\u017cywczych i s\u0105 dobrym sposobem, aby je\u015b\u0107 wi\u0119cej warzyw, dlatego powinny go\u015bci\u0107 w naszym menu ka\u017cdego dnia."},"FileObject":{"file_name":"39\/Jak przygotowywa\u0107 do spo\u017cycia warzywa i owoce.jpeg","id":"2143","url":"http:\/\/irasiad.kalicinscy.com\/przepisy.pl-trunk\/images\/666x312_tc_100\/2143\/Jak_przygotowywac_do_spozycia_warzywa_i_owoce.jpeg"}},{"Article":{"id":"29","name":"Walentynki &ndash; dzie\u0144 mi\u0142o\u015bci pe\u0142en!","body":"Walentynki &amp;ndash; dzie\u0144 mi\u0142o\u015bci pe\u0142en! \r\n14 lutego to jeden z tych dni, na kt&amp;oacute;ry prawie ka\u017cdy z nas czeka z czu\u0142o\u015bci\u0105. To w\u0142a\u015bnie wtedy odwa\u017camy si\u0119 wyra\u017ca\u0107 d\u0142ugo skrywane uczucia, obdarzamy ukochanych prezentami i dbamy o to, aby ten dzie\u0144 by\u0142 szczeg&amp;oacute;lny. W Walentynki powiedzenie: &amp;bdquo;przez \u017co\u0142\u0105dek do serca&amp;rdquo; nabiera szczeg&amp;oacute;lnego znaczenia. Planuj\u0105c romantyczn\u0105 kolacj\u0119 pami\u0119tajmy o eleganckim stroju, \u015bwiecach i pi\u0119knie przystrojonym stole. Dzi\u015b podpowiadamy te\u017c, jakie &amp;bdquo;mi\u0142osne&amp;rdquo; specja\u0142y pomog\u0105 osi\u0105gn\u0105\u0107 tego wieczoru odpowiedni klimat.\r\nKilka fakt&amp;oacute;w na temat \u015bwi\u0119ta zakochanych\r\nLegend m&amp;oacute;wi\u0105cych o genezie \u015bwi\u0119ta zakochanych jest wiele. Jedna z nich opowiada o czasach panowania cesarza Klaudiusza II Gockiego, kiedy to Rzym by\u0142 uwik\u0142any w tak liczne i krwawe wojny, \u017ce m\u0119\u017cczy\u017ani nie chcieli wst\u0119powa\u0107 do wojska. W\u0142adca uzna\u0142, \u017ce powodem takiego post\u0119powania by\u0142a ich niech\u0119\u0107 do opuszczania swoich ukochanych, dlatego odwo\u0142a\u0142 wszystkie planowane zar\u0119czyny i \u015bluby. Znalaz\u0142 si\u0119 jednak kap\u0142an, kt&amp;oacute;ry pomaga\u0142 nieszcz\u0119\u015bnikom, udzielaj\u0105c im potajemnie \u015blub&amp;oacute;w. Walenty, bo tak nazywa\u0142 si\u0119 duchowny, zosta\u0142 jednak przy\u0142apany i skazany na \u015bmier\u0107. Jako dat\u0119 jego \u015bmierci podaje si\u0119 14 lutego 269 lub 270 r. &amp;ndash; dzie\u0144, w kt&amp;oacute;rym do dzi\u015b w wielu krajach obchodzone jest \u015bwi\u0119to zakochanych. W Anglii Walentynki celebrowane s\u0105 ju\u017c od oko\u0142o 500 lat, a w Polsce od pocz\u0105tku lat 90.\r\nWalentynki po polsku\r\nW Polsce Walentynki obchodzimy od oko\u0142o 20 lat. Nale\u017cy jednak pamieta\u0107, \u017ce z naszej tradycji wywodzi si\u0119 inne \u015bwi\u0119to zakochanych, kt&amp;oacute;rym jest noc Kupa\u0142y, znana r&amp;oacute;wnie\u017c pod nazw\u0105 Nocy \u015awi\u0119toja\u0144skiej. Zosta\u0142a ona barwnie opisana w &amp;bdquo;Starej ba\u015bni&amp;rdquo; Kraszewskiego. Obchodzono j\u0105 w okresie letniego przesilenia, w nocy z 23 na 24 czerwca. By\u0142o to \u015bwi\u0119to jedno\u015bci, po\u0142\u0105czenia ognia i wody, m\u0119\u017cczyzny i kobiety, p\u0142odno\u015bci i mi\u0142o\u015bci. A je\u017celi mowa o \u015bwi\u0119cie mi\u0142o\u015bci, nie mo\u017cemy zapomnie\u0107 o&amp;hellip;\r\nafrodyzjakach! \r\nTe dary natury wzmagaj\u0105ce po\u017c\u0105danie znane s\u0105 ju\u017c od oko\u0142o dw&amp;oacute;ch tysi\u0119cy lat. Swoj\u0105 nazw\u0119 zawdzi\u0119czaj\u0105 bogini mi\u0142o\u015bci &amp;ndash; Afrodycie. Historycznie afrodyzjakami nazywano magiczne mikstury, kt&amp;oacute;rych celem by\u0142o wzbudzenie mi\u0142o\u015bci lub ukierunkowanie poci\u0105gu seksualnego na okre\u015blon\u0105 osob\u0119. Potocznie mianem tym okre\u015bla si\u0119 substancje, kt&amp;oacute;re maj\u0105 zwi\u0119ksza\u0107 mo\u017cliwo\u015bci seksualne m\u0119\u017cczyzny lub kobiety.Jak dot\u0105d nie udowodniono naukowo, \u017ce produkty spo\u017cywcze mog\u0105 mie\u0107 pozytywny wp\u0142yw na pop\u0119d seksualny, jednak ich wspania\u0142y smak i aromat pobudzi co najmniej nasz\u0105 wyobra\u017ani\u0119. W\u015br&amp;oacute;d produkt&amp;oacute;w, kt&amp;oacute;re mo\u017cemy niebanalnie wykorzysta\u0107 przygotowuj\u0105c walentynkow\u0105 kolacj\u0119 dla ukochanej osoby s\u0105 ostrygi, krewetki, ma\u0142\u017ce, homary i wi\u0119kszo\u015b\u0107 ryb. Warto r&amp;oacute;wnie\u017c zaserwowa\u0107 owoce, takie jak papaja, mango, awokado, ananas, truskawki, a tak\u017ce figi, daktyle i orzechy. W\u015br&amp;oacute;d warzyw i przypraw warto wspomnie\u0107 o szpinaku, \u017censzeniu, karczochach, imbirze, lubczyku, kol\u0119drze, pietruszce, selerze, bak\u0142a\u017canie (zwanym tak\u017ce gruszk\u0105 mi\u0142o\u015bci) oraz szparagach. Za afrodyzjak nieoficjalnie uznaje si\u0119 r&amp;oacute;wnie\u017c czekolad\u0119.\r\nM&amp;oacute;j spos&amp;oacute;b na&amp;hellip; cudowne walentynki!\r\nWalentynki to magiczne \u015bwi\u0119to. Kojarzy si\u0119 z mi\u0142o\u015bci\u0105, kolorem czerwonym i atmosfer\u0105 blisko\u015bci. \u015awi\u0119to zakochanych to r&amp;oacute;wnie\u017c okazja do zaimponowania drugiej osobie kulinarnymi umiej\u0119tno\u015bciami. Warto, zatem nieco pofantazjowa\u0107 w kuchni i poda\u0107 potrawy niecodzienne, takie, kt&amp;oacute;re zaskocz\u0105 najbli\u017cszych zar&amp;oacute;wno w kwestii smaku, jak i formy podania. A jak wydoby\u0107 zawart\u0105 w nich magi\u0119? W czasie przygotowywania walentynkowych potraw warto u\u017cy\u0107 niecodziennych produkt&amp;oacute;w. Szparagi, kawior, ostrygi czy szampan to tylko niekt&amp;oacute;re z mo\u017cliwych do wykorzystania dodatk&amp;oacute;w. Do\u0142&amp;oacute;\u017cmy do nich jeszcze szczeg&amp;oacute;ln\u0105 dekoracj\u0119 i mi\u0142osne danie gotowe. Walentynkowa kolacja to chwila szale\u0144stwa, przyjemnego zapomnienia, w trakcie kt&amp;oacute;rej na powr&amp;oacute;t pragniemy zauroczy\u0107 swojego partnera i prze\u017cy\u0107 mi\u0142e chwile. Dla wielu recept\u0105 na udany, walentynkowy wiecz&amp;oacute;r jest rezerwacja stolika w modnej restauracji. Ale czy\u017c nie jest to p&amp;oacute;j\u015bcie na \u0142atwizn\u0119?\r\nPozwoli\u0142em sobie przygotowa\u0107 kilka kulinarnych rozwi\u0105za\u0144 idealnych przy okazji \u015bwi\u0119ta zakochanych. Je\u015bli zastanawiaj\u0105 si\u0119 Pa\u0144stwo, jaki jest m&amp;oacute;j spos&amp;oacute;b na wiecz&amp;oacute;r pe\u0142en mi\u0142o\u015bci, to zdradz\u0119, \u017ce jest on niezwykle prosty&amp;hellip; Wsp&amp;oacute;lne przygotowanie kolacji, a nast\u0119pnie jej celebrowanie. Z ca\u0142ego serca zach\u0119cam do jego wypr&amp;oacute;bowania!\r\nZ kulinarnym pozdrowieniem Szef Kuchni Marki Knorr,\r\nPiotr Murawski"},"FileObject":{"file_name":"39\/174x130_.png","id":"264","url":"http:\/\/irasiad.kalicinscy.com\/przepisy.pl-trunk\/images\/666x312_tc_100\/264\/Walentynki_dzien_milosci_pelen.png"}},{"Article":{"id":"30","name":"Cenne wskaz&oacute;wki na temat warzyw i owoc&oacute;w","body":"\r\nKupuj warzywa i owoce \u015bwie\u017ce, niezwi\u0119dni\u0119te, odpowiednio wyro\u015bni\u0119te (a mro\u017conki zamarzni\u0119te i suche).\r\nWarzywa i owoce myj dok\u0142adnie przed ich czyszczeniem i obieraniem, zw\u0142aszcza te korzeniowe. \r\nNie obieraj warzyw i owoc&oacute;w na zapas! Pozbawione sk&oacute;rki i wystawione na dzia\u0142anie tlenu trac\u0105 wiele witamin! \r\nUnikaj sma\u017cenia warzyw i owoc&oacute;w &ndash; zamiast tego grilluj je, zapiekaj, przyrz\u0105dzaj na surowo. \r\nGotuj\u0105c warzywa na parze, nie wylewasz z wod\u0105 cennego wywaru pe\u0142nego witamin. \r\nPodawaj warzywa bezpo\u015brednio po przyrz\u0105dzeniu, nie odgrzewaj ich, nie przetrzymuj na gor\u0105cej p\u0142ycie. \r\nGotuj\u0105c warzywa bogate w karoteny (marchew, dynia, warzywa kapustne, pomidory, papryka), dodawaj do nich nieco oliwy. \r\nSur&oacute;wki przyrz\u0105dzaj tu\u017c przed ich podaniem. \r\nWybieraj warzywa i owoce sezonowe, gdy naturalnie dojrzewaj\u0105 &ndash; maj\u0105 wtedy najwi\u0119cej cennych sk\u0142adnik&oacute;w. \r\nSa\u0142atki warzywne skrapiaj oliw\u0105 &ndash; pomo\u017ce ona organizmowi przyswoi\u0107 witaminy rozpuszczalne w wodzie, takie jak A i E.\r\n"},"FileObject":{"file_name":"39\/Cenne wskaz\u00f3wki na temat warzyw i owoc\u00f3w1.jpeg","id":"2239","url":"http:\/\/irasiad.kalicinscy.com\/przepisy.pl-trunk\/images\/666x312_tc_100\/2239\/Cenne_wskazowki_na_temat_warzyw_i_owocow.jpeg"}}]}